USE klinik_mandiri;

-- PATIENT (30 data)
INSERT INTO patient (name, birth_date, gender, phone) VALUES
('Andi Saputra',       '1970-04-15', 'M', '081234500001'),
('Siti Rahmawati',     '1988-09-10', 'F', '081234500002'),
('Budi Santoso',       '1965-02-21', 'M', '081234500003'),
('Nur Aisyah',         '2002-01-03', 'F', '081234500004'),
('Agus Hidayat',       '1959-07-19', 'M', '081234500005'),
('Dewi Lestari',       '1995-03-28', 'F', '081234500006'),
('Rizki Pratama',      '1999-08-12', 'M', '081234500007'),
('Fitri Handayani',    '1983-11-24', 'F', '081234500008'),
('Taufik Hidayah',     '1975-12-09', 'M', '081234500009'),
('Lina Marlina',       '1990-05-17', 'F', '081234500010'),
('Adi Nugroho',        '1978-02-10', 'M', '081234500011'),
('Yulia Safitri',      '1992-11-22', 'F', '081234500012'),
('Hendri Gunawan',     '1968-06-05', 'M', '081234500013'),
('Maya Sari',          '1985-07-11', 'F', '081234500014'),
('Rudi Hartono',       '1972-08-25', 'M', '081234500015'),
('Anisa Putri',        '1998-03-30', 'F', '081234500016'),
('Fajar Maulana',      '1993-09-08', 'M', '081234500017'),
('Winda Kartika',      '1996-12-14', 'F', '081234500018'),
('Heri Susanto',       '1960-01-27', 'M', '081234500019'),
('Diana Permata',      '1989-04-09', 'F', '081234500020'),
('Arif Setiawan',      '1974-02-19', 'M', '081234500021'),
('Mega Sulastri',      '1991-06-25', 'F', '081234500022'),
('Bayu Kurniawan',     '1980-10-15', 'M', '081234500023'),
('Lestari Anggraini',  '1997-08-02', 'F', '081234500024'),
('Dedi Firmansyah',    '1963-11-05', 'M', '081234500025'),
('Putri Amelia',       '1994-01-12', 'F', '081234500026'),
('Eko Prabowo',        '1981-03-09', 'M', '081234500027'),
('Ratna Wulandari',    '1990-09-27', 'F', '081234500028'),
('Halim Syahputra',    '1976-07-04', 'M', '081234500029'),
('Desi Yuliana',       '1987-02-16', 'F', '081234500030');


-- DOCTOR (8 data)
INSERT INTO doctor (name, specialty, phone) VALUES
('dr. Hendra Pratama',     'Cardiology',            '0811000001'),
('dr. Rina Kartika',       'Neurology',             '0811000002'),
('dr. Dimas Fadillah',     'Dermatology',           '0811000003'),
('dr. Ayu Saraswati',      'General Practitioner',  '0811000004'),
('dr. Bimo Ardiansyah',    'Pediatrics',            '0811000005'),
('dr. Lestari Dewi',       'ENT (THT)',             '0811000006'),
('dr. Fajar Nugraha',      'Orthopedic',            '0811000007'),
('dr. Santi Wijaya',       'Cardiology',            '0811000008');


-- APPOINTMENT (120 data)
INSERT INTO appointment (patient_id, doctor_id, appt_date, appt_time, status) VALUES
(1, 1, '2025-01-02', '08:30:00', 'done'),
(2, 3, '2025-01-03', '09:00:00', 'done'),
(3, 2, '2025-01-03', '10:00:00', 'done'),
(4, 5, '2025-01-04', '11:15:00', 'done'),
(5, 1, '2025-01-04', '13:00:00', 'cancelled'),
(6, 4, '2025-01-05', '08:45:00', 'done'),
(7, 6, '2025-01-06', '09:30:00', 'done'),
(8, 2, '2025-01-06', '10:30:00', 'done'),
(9, 7, '2025-01-07', '11:00:00', 'done'),
(10, 5, '2025-01-07', '13:15:00', 'no_show'),
(11, 3, '2025-01-08', '09:00:00', 'done'),
(12, 4, '2025-01-08', '10:30:00', 'done'),
(13, 1, '2025-01-09', '08:45:00', 'done'),
(14, 2, '2025-01-09', '09:30:00', 'done'),
(15, 8, '2025-01-10', '10:00:00', 'done'),
(16, 5, '2025-01-10', '11:15:00', 'done'),
(17, 7, '2025-01-11', '08:30:00', 'done'),
(18, 6, '2025-01-11', '09:00:00', 'cancelled'),
(19, 3, '2025-01-12', '10:00:00', 'done'),
(20, 1, '2025-01-12', '13:00:00', 'done'),
(21, 2, '2025-01-13', '08:45:00', 'done'),
(22, 8, '2025-01-13', '09:30:00', 'done'),
(23, 5, '2025-01-14', '10:15:00', 'done'),
(24, 6, '2025-01-14', '11:45:00', 'done'),
(25, 4, '2025-01-15', '13:00:00', 'done'),
(26, 7, '2025-01-15', '08:30:00', 'done'),
(27, 3, '2025-01-16', '09:30:00', 'done'),
(28, 2, '2025-01-16', '10:00:00', 'done'),
(29, 1, '2025-01-17', '11:00:00', 'done'),
(30, 8, '2025-01-17', '13:00:00', 'cancelled'),
(1, 4, '2025-01-18', '08:45:00', 'done'),
(2, 5, '2025-01-18', '09:30:00', 'done'),
(3, 6, '2025-01-19', '10:15:00', 'done'),
(4, 7, '2025-01-19', '11:00:00', 'done'),
(5, 3, '2025-01-20', '13:30:00', 'done'),
(6, 8, '2025-01-20', '08:30:00', 'done'),
(7, 1, '2025-01-21', '09:15:00', 'done'),
(8, 2, '2025-01-21', '10:45:00', 'done'),
(9, 3, '2025-01-22', '11:30:00', 'cancelled'),
(10, 4, '2025-01-22', '13:00:00', 'done'),
(11, 5, '2025-01-23', '08:30:00', 'done'),
(12, 6, '2025-01-23', '09:00:00', 'done'),
(13, 7, '2025-01-24', '10:30:00', 'done'),
(14, 8, '2025-01-24', '11:45:00', 'done'),
(15, 1, '2025-01-25', '13:15:00', 'done'),
(16, 2, '2025-01-25', '08:30:00', 'done'),
(17, 3, '2025-01-26', '09:15:00', 'done'),
(18, 4, '2025-01-26', '10:30:00', 'done'),
(19, 5, '2025-01-27', '11:15:00', 'done'),
(20, 6, '2025-01-27', '13:00:00', 'done'),
(21, 7, '2025-02-01', '08:30:00', 'done'),
(22, 8, '2025-02-01', '09:45:00', 'done'),
(23, 1, '2025-02-02', '10:30:00', 'no_show'),
(24, 2, '2025-02-02', '11:00:00', 'done'),
(25, 3, '2025-02-03', '13:15:00', 'done'),
(26, 4, '2025-02-03', '14:30:00', 'done'),
(27, 5, '2025-02-04', '08:45:00', 'cancelled'),
(28, 6, '2025-02-04', '09:30:00', 'done'),
(29, 7, '2025-02-05', '10:15:00', 'done'),
(30, 8, '2025-02-05', '11:45:00', 'done'),
(1, 2, '2025-02-06', '13:00:00', 'done'),
(2, 3, '2025-02-06', '14:15:00', 'done'),
(3, 4, '2025-02-07', '08:30:00', 'done'),
(4, 5, '2025-02-07', '09:00:00', 'done'),
(5, 6, '2025-02-08', '10:30:00', 'cancelled'),
(6, 7, '2025-02-08', '11:15:00', 'done'),
(7, 8, '2025-02-09', '13:30:00', 'done'),
(8, 1, '2025-02-10', '08:45:00', 'done'),
(9, 2, '2025-02-10', '09:30:00', 'done'),
(10, 3, '2025-02-11', '10:00:00', 'no_show'),
(11, 4, '2025-02-11', '11:30:00', 'done'),
(12, 5, '2025-02-12', '13:15:00', 'done'),
(13, 6, '2025-02-12', '14:00:00', 'done'),
(14, 7, '2025-02-13', '08:30:00', 'done'),
(15, 8, '2025-02-13', '09:15:00', 'done'),
(16, 1, '2025-02-14', '10:45:00', 'done'),
(17, 2, '2025-02-14', '11:30:00', 'cancelled'),
(18, 3, '2025-02-15', '13:00:00', 'done'),
(19, 4, '2025-02-16', '08:45:00', 'done'),
(20, 5, '2025-02-17', '09:30:00', 'done'),
(21, 6, '2025-03-01', '10:00:00', 'done'),
(22, 7, '2025-03-01', '11:15:00', 'done'),
(23, 8, '2025-03-02', '13:30:00', 'done'),
(24, 1, '2025-03-03', '08:30:00', 'done'),
(25, 2, '2025-03-03', '09:45:00', 'no_show'),
(26, 3, '2025-03-04', '10:30:00', 'done'),
(27, 4, '2025-03-04', '11:00:00', 'done'),
(28, 5, '2025-03-05', '13:15:00', 'done'),
(29, 6, '2025-03-05', '14:30:00', 'cancelled'),
(30, 7, '2025-03-06', '08:45:00', 'done'),
(1, 8, '2025-03-06', '09:30:00', 'done'),
(2, 1, '2025-03-07', '10:15:00', 'done'),
(3, 2, '2025-03-07', '11:45:00', 'done'),
(4, 3, '2025-03-08', '13:00:00', 'done'),
(5, 4, '2025-03-09', '08:30:00', 'done'),
(6, 5, '2025-03-10', '09:00:00', 'done'),
(7, 6, '2025-03-10', '10:30:00', 'done'),
(8, 7, '2025-03-11', '11:15:00', 'cancelled'),
(9, 8, '2025-03-11', '13:30:00', 'done'),
(10, 1, '2025-03-12', '08:45:00', 'done'),
(11, 2, '2025-04-01', '09:30:00', 'scheduled'),
(12, 3, '2025-04-01', '10:00:00', 'scheduled'),
(13, 4, '2025-04-02', '11:30:00', 'scheduled'),
(14, 5, '2025-04-02', '13:15:00', 'scheduled'),
(15, 6, '2025-04-03', '08:30:00', 'scheduled'),
(16, 7, '2025-04-03', '09:15:00', 'scheduled'),
(17, 8, '2025-04-04', '10:45:00', 'scheduled'),
(18, 1, '2025-04-04', '11:30:00', 'scheduled'),
(19, 2, '2025-04-05', '13:00:00', 'scheduled'),
(20, 3, '2025-04-06', '08:45:00', 'scheduled'),
(21, 4, '2025-04-07', '09:30:00', 'scheduled'),
(22, 5, '2025-04-07', '10:15:00', 'scheduled'),
(23, 6, '2025-04-08', '11:00:00', 'scheduled'),
(24, 7, '2025-04-08', '13:30:00', 'scheduled'),
(25, 8, '2025-04-09', '14:00:00', 'scheduled'),
(26, 1, '2025-04-10', '08:30:00', 'scheduled'),
(27, 2, '2025-04-10', '09:45:00', 'scheduled'),
(28, 3, '2025-04-11', '10:30:00', 'scheduled'),
(29, 4, '2025-04-12', '11:15:00', 'scheduled'),
(30, 5, '2025-04-13', '13:00:00', 'scheduled');


-- DIAGNOSIS (80 data)
INSERT INTO diagnosis (appt_id, diag_text) VALUES
(1, 'Hipertensi ringan'),
(2, 'Demam biasa'),
(3, 'Migrain'),
(4, 'Batuk dan pilek'),
(5, 'Infeksi kulit ringan'),
(6, 'Pemeriksaan umum tanpa keluhan'),
(7, 'Alergi debu'),
(8, 'Nyeri sendi lutut'),
(9, 'Flu ringan'),
(10, 'Tonsilitis'),
(11, 'Sakit kepala tegang'),
(12, 'Gangguan pencernaan'),
(13, 'Pemeriksaan jantung rutin'),
(14, 'Hipotensi'),
(15, 'Infeksi saluran pernapasan atas'),
(16, 'Nyeri punggung bawah'),
(17, 'Dermatitis kontak'),
(18, 'Radang tenggorokan'),
(19, 'Gastritis'),
(20, 'Pemeriksaan rutin tahunan'),
(21, 'Asma ringan'),
(22, 'Flu musiman'),
(23, 'Kelelahan dan kurang tidur'),
(24, 'Anemia ringan'),
(25, 'Vertigo'),
(26, 'Hiperkolesterolemia'),
(27, 'Gangguan kecemasan ringan'),
(28, 'Cedera olahraga ringan'),
(29, 'Demam tifoid'),
(30, 'Masalah tekanan darah'),
(31, 'Infeksi kulit bakteri'),
(32, 'Sakit gigi'),
(33, 'Gangguan tidur'),
(34, 'Alergi makanan'),
(35, 'Bronkitis ringan'),
(36, 'Hipertensi sedang'),
(37, 'Nyeri bahu'),
(38, 'Flu dan batuk'),
(39, 'Infeksi saluran kemih'),
(40, 'Gangguan pencernaan kronis'),
(41, 'Sakit tenggorokan'),
(42, 'Masalah sinus'),
(43, 'Alergi serbuk bunga'),
(44, 'Luka ringan'),
(45, 'Infeksi kulit jamur'),
(46, 'Stres dan kecemasan'),
(47, 'Hiperglikemia'),
(48, 'Hipotensi ortostatik'),
(49, 'Flu ringan'),
(50, 'Pemeriksaan kehamilan awal'),
(51, 'Sakit kepala kronis'),
(52, 'Kelelahan akibat kerja'),
(53, 'Gangguan pencernaan akut'),
(54, 'Pemeriksaan rutin'),
(55, 'Nyeri lutut'),
(56, 'Infeksi mata'),
(57, 'Alergi debu dan serbuk'),
(58, 'Sakit perut'),
(59, 'Gangguan kulit'),
(60, 'Sakit pinggang'),
(61, 'Demam berdarah ringan'),
(62, 'Infeksi saluran kemih'),
(63, 'Pemeriksaan umum'),
(64, 'Radang amandel'),
(65, 'Gangguan pencernaan ringan'),
(66, 'Flu musiman'),
(67, 'Nyeri bahu kiri'),
(68, 'Hipertensi tahap awal'),
(69, 'Infeksi kulit ringan'),
(70, 'Demam biasa'),
(71, 'Gangguan tidur'),
(72, 'Alergi udara dingin'),
(73, 'Hipotensi ringan'),
(74, 'Stres kerja'),
(75, 'Nyeri otot'),
(76, 'Infeksi tenggorokan'),
(77, 'Kelelahan berat'),
(78, 'Migrain kronis'),
(79, 'Flu ringan'),
(80, 'Pemeriksaan kesehatan umum');

-- PRESCRIPTION (150 data)
INSERT INTO prescription (appt_id, medicine_name, qty, price) VALUES
(1, 'Paracetamol 500mg', 10, 2000.00),
(1, 'Vitamin C 500mg', 5, 1500.00),
(2, 'Amoxicillin 500mg', 15, 2500.00),
(3, 'Ibuprofen 200mg', 8, 3000.00),
(4, 'Loratadine 10mg', 10, 3500.00),
(4, 'Cetirizine 10mg', 10, 2500.00),
(6, 'Omeprazole 20mg', 5, 3000.00),
(7, 'Ranitidine 150mg', 7, 2800.00),
(7, 'Antasida Doen', 5, 1500.00),
(8, 'Vitamin D3 1000IU', 10, 2000.00),
(9, 'Amoxicillin 250mg', 12, 2200.00),
(11, 'Paracetamol 500mg', 10, 2000.00),
(11, 'Cough Syrup', 1, 35000.00),
(12, 'Multivitamin', 10, 1500.00),
(13, 'Losartan 50mg', 14, 2500.00),
(13, 'Simvastatin 20mg', 10, 2700.00),
(15, 'Mefenamic Acid 500mg', 12, 2200.00),
(16, 'Captopril 25mg', 14, 2300.00),
(16, 'Vitamin B Complex', 10, 1500.00),
(19, 'Domperidone 10mg', 6, 2800.00),
(19, 'Ranitidine 150mg', 8, 2800.00),
(20, 'Cefadroxil 500mg', 10, 2600.00),
(21, 'Ibuprofen 400mg', 8, 3200.00),
(21, 'Antasida Doen', 5, 1500.00),
(22, 'Amoxicillin 500mg', 10, 2500.00),
(23, 'Salbutamol 2mg', 8, 2300.00),
(24, 'Vitamin C 1000mg', 5, 1800.00),
(25, 'Cetirizine 10mg', 10, 2500.00),
(26, 'Omeprazole 20mg', 6, 3000.00),
(27, 'Cough Syrup', 1, 35000.00),
(27, 'Paracetamol 500mg', 10, 2000.00),
(28, 'Antasida Doen', 5, 1500.00),
(29, 'Metformin 500mg', 20, 2000.00),
(31, 'Loratadine 10mg', 10, 3500.00),
(32, 'Vitamin D3 1000IU', 10, 2000.00),
(33, 'Paracetamol 500mg', 10, 2000.00),
(34, 'Cefadroxil 500mg', 12, 2600.00),
(36, 'Mefenamic Acid 500mg', 8, 2200.00),
(36, 'Simvastatin 20mg', 10, 2700.00),
(37, 'Amoxicillin 500mg', 15, 2500.00),
(38, 'Ibuprofen 200mg', 8, 3000.00),
(40, 'Captopril 25mg', 14, 2300.00),
(41, 'Omeprazole 20mg', 6, 3000.00),
(41, 'Vitamin B Complex', 10, 1500.00),
(42, 'Antasida Doen', 5, 1500.00),
(43, 'Vitamin C 1000mg', 5, 1800.00),
(45, 'Paracetamol 500mg', 10, 2000.00),
(46, 'Cough Syrup', 1, 35000.00),
(47, 'Amoxicillin 250mg', 12, 2200.00),
(48, 'Losartan 50mg', 14, 2500.00),
(49, 'Ranitidine 150mg', 8, 2800.00),
(49, 'Omeprazole 20mg', 6, 3000.00),
(50, 'Vitamin D3 1000IU', 10, 2000.00),
(51, 'Simvastatin 20mg', 10, 2700.00),
(52, 'Loratadine 10mg', 10, 3500.00),
(53, 'Ibuprofen 400mg', 8, 3200.00),
(54, 'Mefenamic Acid 500mg', 8, 2200.00),
(55, 'Paracetamol 500mg', 10, 2000.00),
(56, 'Multivitamin', 10, 1500.00),
(57, 'Vitamin B Complex', 10, 1500.00),
(58, 'Amoxicillin 500mg', 10, 2500.00),
(59, 'Cefadroxil 500mg', 12, 2600.00),
(60, 'Domperidone 10mg', 6, 2800.00),
(61, 'Captopril 25mg', 14, 2300.00),
(61, 'Antasida Doen', 5, 1500.00),
(62, 'Metformin 500mg', 20, 2000.00),
(63, 'Vitamin C 1000mg', 5, 1800.00),
(64, 'Ranitidine 150mg', 7, 2800.00),
(65, 'Vitamin D3 1000IU', 10, 2000.00),
(66, 'Cough Syrup', 1, 35000.00),
(67, 'Simvastatin 20mg', 10, 2700.00),
(68, 'Paracetamol 500mg', 10, 2000.00),
(69, 'Amoxicillin 500mg', 15, 2500.00),
(70, 'Loratadine 10mg', 10, 3500.00),
(71, 'Omeprazole 20mg', 5, 3000.00),
(72, 'Cetirizine 10mg', 10, 2500.00),
(73, 'Vitamin B Complex', 10, 1500.00),
(74, 'Amoxicillin 250mg', 12, 2200.00),
(75, 'Paracetamol 500mg', 10, 2000.00),
(76, 'Mefenamic Acid 500mg', 8, 2200.00),
(77, 'Vitamin D3 1000IU', 10, 2000.00),
(78, 'Cefadroxil 500mg', 10, 2600.00),
(78, 'Antasida Doen', 5, 1500.00),
(81, 'Amoxicillin 500mg', 10, 2500.00),
(82, 'Cough Syrup', 1, 35000.00),
(83, 'Vitamin C 1000mg', 5, 1800.00),
(84, 'Losartan 50mg', 14, 2500.00),
(85, 'Simvastatin 20mg', 10, 2700.00),
(86, 'Paracetamol 500mg', 10, 2000.00),
(87, 'Mefenamic Acid 500mg', 8, 2200.00),
(88, 'Vitamin D3 1000IU', 10, 2000.00),
(89, 'Ibuprofen 400mg', 8, 3200.00),
(90, 'Captopril 25mg', 14, 2300.00),
(91, 'Amoxicillin 500mg', 10, 2500.00),
(92, 'Antasida Doen', 5, 1500.00),
(93, 'Paracetamol 500mg', 10, 2000.00),
(94, 'Vitamin B Complex', 10, 1500.00),
(95, 'Omeprazole 20mg', 5, 3000.00),
(96, 'Amoxicillin 250mg', 12, 2200.00),
(97, 'Ranitidine 150mg', 7, 2800.00),
(98, 'Cough Syrup', 1, 35000.00),
(99, 'Vitamin C 1000mg', 5, 1800.00),
(100, 'Cetirizine 10mg', 10, 2500.00),
(1, 'Metformin 500mg', 20, 2000.00),
(2, 'Loratadine 10mg', 10, 3500.00),
(3, 'Cefadroxil 500mg', 12, 2600.00),
(4, 'Paracetamol 500mg', 10, 2000.00),
(6, 'Amoxicillin 500mg', 15, 2500.00),
(7, 'Vitamin D3 1000IU', 10, 2000.00),
(8, 'Ibuprofen 200mg', 8, 3000.00),
(9, 'Vitamin B Complex', 10, 1500.00),
(11, 'Antasida Doen', 5, 1500.00),
(12, 'Multivitamin', 10, 1500.00),
(13, 'Omeprazole 20mg', 6, 3000.00),
(15, 'Amoxicillin 250mg', 12, 2200.00),
(16, 'Cough Syrup', 1, 35000.00),
(19, 'Cetirizine 10mg', 10, 2500.00),
(20, 'Vitamin C 1000mg', 5, 1800.00),
(21, 'Paracetamol 500mg', 10, 2000.00),
(22, 'Loratadine 10mg', 10, 3500.00),
(23, 'Simvastatin 20mg', 10, 2700.00),
(24, 'Ibuprofen 400mg', 8, 3200.00),
(25, 'Amoxicillin 500mg', 10, 2500.00),
(26, 'Vitamin B Complex', 10, 1500.00),
(27, 'Antasida Doen', 5, 1500.00),
(28, 'Domperidone 10mg', 6, 2800.00),
(29, 'Captopril 25mg', 14, 2300.00),
(31, 'Ranitidine 150mg', 7, 2800.00),
(32, 'Metformin 500mg', 20, 2000.00),
(33, 'Losartan 50mg', 14, 2500.00),
(34, 'Mefenamic Acid 500mg', 8, 2200.00),
(36, 'Cefadroxil 500mg', 10, 2600.00),
(37, 'Paracetamol 500mg', 10, 2000.00),
(38, 'Salbutamol 2mg', 8, 2300.00),
(40, 'Metformin 500mg', 20, 2000.00),
(41, 'Cough Syrup', 1, 35000.00),
(42, 'Paracetamol 500mg', 10, 2000.00),
(43, 'Amoxicillin 500mg', 15, 2500.00),
(45, 'Vitamin D3 1000IU', 10, 2000.00),
(46, 'Cetirizine 10mg', 10, 2500.00),
(47, 'Loratadine 10mg', 10, 3500.00),
(48, 'Ibuprofen 400mg', 8, 3200.00),
(50, 'Simvastatin 20mg', 10, 2700.00),
(51, 'Captopril 25mg', 14, 2300.00),
(52, 'Vitamin C 1000mg', 5, 1800.00),
(53, 'Ranitidine 150mg', 7, 2800.00),
(54, 'Omeprazole 20mg', 6, 3000.00),
(55, 'Cefadroxil 500mg', 12, 2600.00),
(56, 'Amoxicillin 250mg', 12, 2200.00),
(57, 'Antasida Doen', 5, 1500.00);


-- PAYMENT (100 data)
INSERT INTO payment (appt_id, amount, pay_date, pay_method) VALUES
(1, 250000.00, '2025-01-03', 'cash'),
(2, 400000.00, '2025-01-04', 'card'),
(3, 300000.00, '2025-01-04', 'cash'),
(4, 500000.00, '2025-01-05', 'transfer'),
(5, 150000.00, '2025-01-06', 'cash'),
(6, 275000.00, '2025-01-06', 'cash'),
(7, 325000.00, '2025-01-07', 'card'),
(8, 420000.00, '2025-01-07', 'transfer'),
(9, 230000.00, '2025-01-08', 'cash'),
(10, 600000.00, '2025-01-08', 'transfer'),
(11, 500000.00, '2025-01-09', 'cash'),
(12, 350000.00, '2025-01-09', 'card'),
(13, 700000.00, '2025-01-10', 'transfer'),
(14, 245000.00, '2025-01-10', 'cash'),
(15, 480000.00, '2025-01-11', 'card'),
(16, 370000.00, '2025-01-12', 'cash'),
(17, 410000.00, '2025-01-12', 'transfer'),
(18, 280000.00, '2025-01-13', 'card'),
(19, 350000.00, '2025-01-13', 'cash'),
(20, 540000.00, '2025-01-14', 'transfer'),
(21, 360000.00, '2025-01-15', 'cash'),
(22, 220000.00, '2025-01-15', 'cash'),
(23, 390000.00, '2025-01-16', 'transfer'),
(24, 315000.00, '2025-01-17', 'card'),
(25, 480000.00, '2025-01-17', 'cash'),
(26, 250000.00, '2025-01-18', 'cash'),
(27, 550000.00, '2025-01-19', 'transfer'),
(28, 325000.00, '2025-01-20', 'card'),
(29, 380000.00, '2025-01-20', 'cash'),
(30, 450000.00, '2025-01-21', 'transfer'),
(31, 210000.00, '2025-01-22', 'cash'),
(32, 600000.00, '2025-01-22', 'card'),
(33, 375000.00, '2025-01-23', 'transfer'),
(34, 295000.00, '2025-01-23', 'cash'),
(35, 325000.00, '2025-01-24', 'cash'),
(36, 700000.00, '2025-01-24', 'transfer'),
(37, 450000.00, '2025-01-25', 'cash'),
(38, 320000.00, '2025-01-26', 'card'),
(39, 520000.00, '2025-01-26', 'transfer'),
(40, 210000.00, '2025-01-27', 'cash'),
(41, 340000.00, '2025-01-28', 'cash'),
(42, 460000.00, '2025-01-28', 'transfer'),
(43, 380000.00, '2025-01-29', 'card'),
(44, 300000.00, '2025-01-29', 'cash'),
(45, 270000.00, '2025-01-30', 'cash'),
(46, 325000.00, '2025-01-30', 'transfer'),
(47, 550000.00, '2025-01-31', 'card'),
(48, 430000.00, '2025-02-01', 'cash'),
(49, 275000.00, '2025-02-02', 'transfer'),
(50, 360000.00, '2025-02-02', 'card'),
(51, 480000.00, '2025-02-03', 'cash'),
(52, 320000.00, '2025-02-04', 'transfer'),
(53, 300000.00, '2025-02-04', 'cash'),
(54, 415000.00, '2025-02-05', 'card'),
(55, 290000.00, '2025-02-06', 'cash'),
(56, 600000.00, '2025-02-06', 'transfer'),
(57, 510000.00, '2025-02-07', 'cash'),
(58, 245000.00, '2025-02-07', 'card'),
(59, 280000.00, '2025-02-08', 'cash'),
(60, 450000.00, '2025-02-08', 'transfer'),
(61, 325000.00, '2025-02-09', 'cash'),
(62, 290000.00, '2025-02-09', 'card'),
(63, 370000.00, '2025-02-10', 'transfer'),
(64, 395000.00, '2025-02-10', 'cash'),
(65, 325000.00, '2025-02-11', 'cash'),
(66, 275000.00, '2025-02-12', 'transfer'),
(67, 510000.00, '2025-02-12', 'card'),
(68, 485000.00, '2025-02-13', 'cash'),
(69, 330000.00, '2025-02-13', 'cash'),
(70, 420000.00, '2025-02-14', 'transfer'),
(71, 370000.00, '2025-02-15', 'card'),
(72, 315000.00, '2025-02-15', 'cash'),
(73, 285000.00, '2025-02-16', 'transfer'),
(74, 540000.00, '2025-02-16', 'cash'),
(75, 250000.00, '2025-02-17', 'cash'),
(76, 480000.00, '2025-02-17', 'transfer'),
(77, 320000.00, '2025-02-18', 'cash'),
(78, 295000.00, '2025-02-18', 'card'),
(79, 360000.00, '2025-02-19', 'cash'),
(80, 520000.00, '2025-02-19', 'transfer'),
(81, 410000.00, '2025-02-20', 'card'),
(82, 270000.00, '2025-02-20', 'cash'),
(83, 305000.00, '2025-02-21', 'transfer'),
(84, 250000.00, '2025-02-21', 'cash'),
(85, 480000.00, '2025-02-22', 'card'),
(86, 520000.00, '2025-02-22', 'cash'),
(87, 335000.00, '2025-02-23', 'cash'),
(88, 275000.00, '2025-02-24', 'transfer'),
(89, 360000.00, '2025-02-24', 'cash'),
(90, 390000.00, '2025-02-25', 'transfer'),
(91, 310000.00, '2025-02-25', 'card'),
(92, 255000.00, '2025-02-26', 'cash'),
(93, 520000.00, '2025-02-27', 'transfer'),
(94, 480000.00, '2025-02-28', 'cash'),
(95, 340000.00, '2025-03-01', 'card'),
(96, 325000.00, '2025-03-01', 'cash'),
(97, 260000.00, '2025-03-02', 'transfer'),
(98, 500000.00, '2025-03-03', 'cash'),
(99, 310000.00, '2025-03-03', 'card'),
(100, 275000.00, '2025-03-04', 'transfer');

-- UPDATE: ubah status 'no_show' jadi 'cancelled'
UPDATE appointment
SET status = 'cancelled'
WHERE status = 'no_show';

-- DELETE: hapus resep dengan qty = 0
DELETE FROM prescription
WHERE qty = 0;

-- cek (HANYA UTK DEBUG)
-- SELECT COUNT(*) AS total_payment, 
--        SUM(amount) AS total_pendapatan
-- FROM payment;
